LGA_NAME, STATE_NAME
Albury, New South Wales
Armidale, New South Wales
Ballina, New South Wales
Balranald, New South Wales
Bathurst, New South Wales
Bayside, New South Wales
Bega Valley, New South Wales
Bellingen, New South Wales
Berrigan, New South Wales
Blacktown, New South Wales
Bland, New South Wales
Blayney, New South Wales
Blue Mountains, New South Wales
Bogan, New South Wales
Bourke, New South Wales
Brewarrina, New South Wales
Broken Hill, New South Wales
Burwood, New South Wales
Byron, New South Wales
Cabonne, New South Wales
Camden, New South Wales
Campbelltown, New South Wales
Canada Bay, New South Wales
Canterbury-Bankstown, New South Wales
Carrathool, New South Wales
Central Coast, New South Wales
Central Darling, New South Wales
Cessnock, New South Wales
Clarence Valley, New South Wales
Cobar, New South Wales
Coffs Harbour, New South Wales
Coolamon, New South Wales
Coonamble, New South Wales
Cootamundra-Gundagai, New South Wales
Cowra, New South Wales
Cumberland, New South Wales
Dubbo, New South Wales
Dungog, New South Wales
Edward River, New South Wales
Eurobodalla, New South Wales
Fairfield, New South Wales
Federation, New South Wales
Forbes, New South Wales
Georges River, New South Wales
Gilgandra, New South Wales
Glen Innes Severn, New South Wales
Goulburn Mulwaree, New South Wales
Greater Hume, New South Wales
Griffith, New South Wales
Gunnedah, New South Wales
Gwydir, New South Wales
Hawkesbury, New South Wales
Hay, New South Wales
Hilltops, New South Wales
Hornsby, New South Wales
Hunters Hill, New South Wales
Inner West, New South Wales
Inverell, New South Wales
Junee, New South Wales
Kempsey, New South Wales
Kiama, New South Wales
Ku-ring-gai, New South Wales
Kyogle, New South Wales
Lachlan, New South Wales
Lake Macquarie, New South Wales
Lane Cove, New South Wales
Leeton, New South Wales
Lismore, New South Wales
Lithgow, New South Wales
Liverpool, New South Wales
Liverpool Plains, New South Wales
Lockhart, New South Wales
Maitland, New South Wales
Mid-Coast, New South Wales
Mid-Western, New South Wales
Moree Plains, New South Wales
Mosman, New South Wales
Murray River, New South Wales
Murrumbidgee, New South Wales
Muswellbrook, New South Wales
Nambucca Valley, New South Wales
Narrabri, New South Wales
Narrandera, New South Wales
Narromine, New South Wales
Newcastle, New South Wales
North Sydney, New South Wales
Northern Beaches, New South Wales
Oberon, New South Wales
Orange, New South Wales
Parkes, New South Wales
Parramatta, New South Wales
Penrith, New South Wales
Port Macquarie-Hastings, New South Wales
Port Stephens, New South Wales
Queanbeyan-Palerang, New South Wales
Randwick, New South Wales
Richmond Valley, New South Wales
Ryde, New South Wales
Shellharbour, New South Wales
Shoalhaven, New South Wales
Singleton, New South Wales
Snowy Monaro, New South Wales
Snowy Valleys, New South Wales
Strathfield, New South Wales
Sutherland, New South Wales
Sydney, New South Wales
Tamworth, New South Wales
Temora, New South Wales
Tenterfield, New South Wales
The Hills, New South Wales
Tweed, New South Wales
Upper Hunter, New South Wales
Upper Lachlan, New South Wales
Uralla, New South Wales
Wagga Wagga, New South Wales
Walcha, New South Wales
Walgett, New South Wales
Warren, New South Wales
Warrumbungle, New South Wales
Waverley, New South Wales
Weddin, New South Wales
Wentworth, New South Wales
Willoughby, New South Wales
Wingecarribee, New South Wales
Wollondilly, New South Wales
Wollongong, New South Wales
Woollahra, New South Wales
Yass Valley, New South Wales
Alice Springs, Northern Territory
Barkly, Northern Territory
Belyuen, Northern Territory
Central Desert, Northern Territory
Coomalie, Northern Territory
Darwin, Northern Territory
Darwin Waterfront Precinct, Northern Territory
East Arnhem, Northern Territory
Groote Archipelago, Northern Territory
Katherine, Northern Territory
Litchfield, Northern Territory
MacDonnell, Northern Territory
Palmerston, Northern Territory
Roper Gulf, Northern Territory
Tiwi Islands, Northern Territory
Victoria Daly, Northern Territory
Wagait, Northern Territory
West Arnhem, Northern Territory
West Daly, Northern Territory
Christmas Island, Other Territories
Aurukun, Queensland
Balonne, Queensland
Banana, Queensland
Barcaldine, Queensland
Barcoo, Queensland
Blackall Tambo, Queensland
Boulia, Queensland
Brisbane, Queensland
Bulloo, Queensland
Bundaberg, Queensland
Burdekin, Queensland
Burke, Queensland
Cairns, Queensland
Carpentaria, Queensland
Cassowary Coast, Queensland
Central Highlands, Queensland
Charters Towers, Queensland
Cherbourg, Queensland
Cloncurry, Queensland
Cook, Queensland
Croydon, Queensland
Diamantina, Queensland
Doomadgee, Queensland
Douglas, Queensland
Etheridge, Queensland
Flinders, Queensland
Fraser Coast, Queensland
Gladstone, Queensland
Gold Coast, Queensland
Goondiwindi, Queensland
Gympie, Queensland
Hinchinbrook, Queensland
Hope Vale, Queensland
Ipswich, Queensland
Isaac, Queensland
Kowanyama, Queensland
Livingstone, Queensland
Lockhart River, Queensland
Lockyer Valley, Queensland
Logan, Queensland
Longreach, Queensland
Mackay, Queensland
Mapoon, Queensland
Maranoa, Queensland
Mareeba, Queensland
McKinlay, Queensland
Moreton Bay, Queensland
Mornington, Queensland
Mount Isa, Queensland
Murweh, Queensland
Napranum, Queensland
Noosa, Queensland
North Burnett, Queensland
Northern Peninsula Area, Queensland
Palm Island, Queensland
Paroo, Queensland
Pormpuraaw, Queensland
Quilpie, Queensland
Redland, Queensland
Richmond, Queensland
Rockhampton, Queensland
Scenic Rim, Queensland
Somerset, Queensland
South Burnett, Queensland
Southern Downs, Queensland
Sunshine Coast, Queensland
Tablelands, Queensland
Toowoomba, Queensland
Torres, Queensland
Torres Strait Island, Queensland
Townsville, Queensland
Weipa, Queensland
Western Downs, Queensland
Whitsunday, Queensland
Winton, Queensland
Woorabinda, Queensland
Wujal Wujal, Queensland
Yarrabah, Queensland
Adelaide, South Australia
Adelaide Hills, South Australia
Adelaide Plains, South Australia
Alexandrina, South Australia
Anangu Pitjantjatjara Yankunytjatjara, South Australia
Barossa, South Australia
Barunga West, South Australia
Berri Barmera, South Australia
Burnside, South Australia
Campbelltown, South Australia
Ceduna, South Australia
Charles Sturt, South Australia
Clare and Gilbert Valleys, South Australia
Cleve, South Australia
Coober Pedy, South Australia
Coorong, South Australia
Copper Coast, South Australia
Elliston, South Australia
Flinders Ranges, South Australia
Franklin Harbour, South Australia
Gawler, South Australia
Goyder, South Australia
Grant, South Australia
Holdfast Bay, South Australia
Kangaroo Island, South Australia
Karoonda East Murray, South Australia
Kimba, South Australia
Kingston, South Australia
Light, South Australia
Lower Eyre, South Australia
Loxton Waikerie, South Australia
Maralinga Tjarutja, South Australia
Marion, South Australia
Mid Murray, South Australia
Mitcham, South Australia
Mount Barker, South Australia
Mount Gambier, South Australia
Mount Remarkable, South Australia
Murray Bridge, South Australia
Naracoorte Lucindale, South Australia
Northern Areas, South Australia
Norwood Payneham and St Peters, South Australia
Onkaparinga, South Australia
Orroroo Carrieton, South Australia
Peterborough, South Australia
Playford, South Australia
Port Adelaide Enfield, South Australia
Port Augusta, South Australia
Port Lincoln, South Australia
Port Pirie, South Australia
Prospect, South Australia
Renmark Paringa, South Australia
Robe, South Australia
Roxby Downs, South Australia
Salisbury, South Australia
Southern Mallee, South Australia
Streaky Bay, South Australia
Tatiara, South Australia
Tea Tree Gully, South Australia
Tumby Bay, South Australia
Unley, South Australia
Victor Harbor, South Australia
Wakefield, South Australia
Walkerville, South Australia
Wattle Range, South Australia
West Torrens, South Australia
Whyalla, South Australia
Wudinna, South Australia
Yankalilla, South Australia
Yorke Peninsula, South Australia
Break O'Day, Tasmania
Brighton, Tasmania
Burnie, Tasmania
Central Coast, Tasmania
Central Highlands, Tasmania
Circular Head, Tasmania
Clarence, Tasmania
Derwent Valley, Tasmania
Devonport, Tasmania
Dorset, Tasmania
Flinders, Tasmania
George Town, Tasmania
Glamorgan-Spring Bay, Tasmania
Glenorchy, Tasmania
Hobart, Tasmania
Huon Valley, Tasmania
Kentish, Tasmania
King Island, Tasmania
Kingborough, Tasmania
Latrobe, Tasmania
Launceston, Tasmania
Meander Valley, Tasmania
Northern Midlands, Tasmania
Sorell, Tasmania
Southern Midlands, Tasmania
Tasman, Tasmania
Waratah-Wynyard, Tasmania
West Coast, Tasmania
West Tamar, Tasmania
Alpine, Victoria
Ararat, Victoria
Ballarat, Victoria
Banyule, Victoria
Bass Coast, Victoria
Baw Baw, Victoria
Bayside, Victoria
Benalla, Victoria
Boroondara, Victoria
Brimbank, Victoria
Buloke, Victoria
Campaspe, Victoria
Cardinia, Victoria
Casey, Victoria
Central Goldfields, Victoria
Colac Otway, Victoria
Corangamite, Victoria
Darebin, Victoria
East Gippsland, Victoria
Frankston, Victoria
Gannawarra, Victoria
Glen Eira, Victoria
Glenelg, Victoria
Golden Plains, Victoria
Greater Bendigo, Victoria
Greater Dandenong, Victoria
Greater Geelong, Victoria
Greater Shepparton, Victoria
Hepburn, Victoria
Hindmarsh, Victoria
Hobsons Bay, Victoria
Horsham, Victoria
Hume, Victoria
Indigo, Victoria
Kingston, Victoria
Knox, Victoria
Latrobe, Victoria
Loddon, Victoria
Macedon Ranges, Victoria
Manningham, Victoria
Mansfield, Victoria
Maribyrnong, Victoria
Maroondah, Victoria
Melbourne, Victoria
Melton, Victoria
Merri-bek, Victoria
Mildura, Victoria
Mitchell, Victoria
Moira, Victoria
Monash, Victoria
Moonee Valley, Victoria
Moorabool, Victoria
Mornington Peninsula, Victoria
Mount Alexander, Victoria
Moyne, Victoria
Murrindindi, Victoria
Nillumbik, Victoria
Northern Grampians, Victoria
Port Phillip, Victoria
Pyrenees, Victoria
Queenscliffe, Victoria
South Gippsland, Victoria
Southern Grampians, Victoria
Stonnington, Victoria
Strathbogie, Victoria
Surf Coast, Victoria
Swan Hill, Victoria
Towong, Victoria
Wangaratta, Victoria
Warrnambool, Victoria
Wellington, Victoria
West Wimmera, Victoria
Whitehorse, Victoria
Whittlesea, Victoria
Wodonga, Victoria
Wyndham, Victoria
Yarra, Victoria
Yarra Ranges, Victoria
Yarriambiack, Victoria
Albany, Western Australia
Armadale, Western Australia
Ashburton, Western Australia
Augusta Margaret River, Western Australia
Bassendean, Western Australia
Bayswater, Western Australia
Belmont, Western Australia
Beverley, Western Australia
Boddington, Western Australia
Boyup Brook, Western Australia
Bridgetown-Greenbushes, Western Australia
Brookton, Western Australia
Broome, Western Australia
Broomehill-Tambellup, Western Australia
Bruce Rock, Western Australia
Bunbury, Western Australia
Busselton, Western Australia
Cambridge, Western Australia
Canning, Western Australia
Capel, Western Australia
Carnamah, Western Australia
Carnarvon, Western Australia
Chapman Valley, Western Australia
Chittering, Western Australia
Claremont, Western Australia
Cockburn, Western Australia
Cocos (Keeling) Islands, Western Australia
Collie, Western Australia
Coolgardie, Western Australia
Coorow, Western Australia
Corrigin, Western Australia
Cottesloe, Western Australia
Cranbrook, Western Australia
Cuballing, Western Australia
Cue, Western Australia
Cunderdin, Western Australia
Dalwallinu, Western Australia
Dandaragan, Western Australia
Dardanup, Western Australia
Denmark, Western Australia
Derby-West Kimberley, Western Australia
Donnybrook-Balingup, Western Australia
Dowerin, Western Australia
Dumbleyung, Western Australia
Dundas, Western Australia
East Fremantle, Western Australia
East Pilbara, Western Australia
Esperance, Western Australia
Exmouth, Western Australia
Fremantle, Western Australia
Gingin, Western Australia
Gnowangerup, Western Australia
Goomalling, Western Australia
Gosnells, Western Australia
Greater Geraldton, Western Australia
Halls Creek, Western Australia
Harvey, Western Australia
Irwin, Western Australia
Jerramungup, Western Australia
Joondalup, Western Australia
Kalamunda, Western Australia
Kalgoorlie-Boulder, Western Australia
Karratha, Western Australia
Katanning, Western Australia
Kellerberrin, Western Australia
Kent, Western Australia
Kojonup, Western Australia
Kondinin, Western Australia
Koorda, Western Australia
Kulin, Western Australia
Kwinana, Western Australia
Lake Grace, Western Australia
Laverton, Western Australia
Leonora, Western Australia
Mandurah, Western Australia
Manjimup, Western Australia
Meekatharra, Western Australia
Melville, Western Australia
Menzies, Western Australia
Merredin, Western Australia
Mingenew, Western Australia
Moora, Western Australia
Morawa, Western Australia
Mosman Park, Western Australia
Mount Magnet, Western Australia
Mount Marshall, Western Australia
Mukinbudin, Western Australia
Mundaring, Western Australia
Murchison, Western Australia
Murray, Western Australia
Nannup, Western Australia
Narembeen, Western Australia
Narrogin, Western Australia
Nedlands, Western Australia
Ngaanyatjarraku, Western Australia
Northam, Western Australia
Northampton, Western Australia
Nungarin, Western Australia
Peppermint Grove, Western Australia
Perenjori, Western Australia
Perth, Western Australia
Pingelly, Western Australia
Plantagenet, Western Australia
Port Hedland, Western Australia
Quairading, Western Australia
Ravensthorpe, Western Australia
Rockingham, Western Australia
Sandstone, Western Australia
Serpentine-Jarrahdale, Western Australia
Shark Bay, Western Australia
South Perth, Western Australia
Stirling, Western Australia
Subiaco, Western Australia
Swan, Western Australia
Tammin, Western Australia
Three Springs, Western Australia
Toodyay, Western Australia
Trayning, Western Australia
Upper Gascoyne, Western Australia
Victoria Park, Western Australia
Victoria Plains, Western Australia
Vincent, Western Australia
Wagin, Western Australia
Wandering, Western Australia
Wanneroo, Western Australia
Waroona, Western Australia
West Arthur, Western Australia
Westonia, Western Australia
Wickepin, Western Australia
Williams, Western Australia
Wiluna, Western Australia
Wongan-Ballidu, Western Australia
Woodanilling, Western Australia
Wyalkatchem, Western Australia
Wyndham-East Kimberley, Western Australia
Yalgoo, Western Australia
Yilgarn, Western Australia
York, Western Australia
